id,protocol_ver,max_power,channels_num,duty_cycle_refresh,lora_protocol,lora_protocol_ver,transmission_param_id,stat_model
22222222,STIOT v 1.01,14,8,00:43:26,LoRa@FIIT,1.0,1,"[{""sf"": 7, ""pw"": 10, ""rw"": 1}, {""sf"": 7, ""pw"": 14, ""rw"": 1}, {""sf"": 8, ""pw"": 10, ""rw"": 1}, {""sf"": 8, ""pw"": 14, ""rw"": 1}, {""sf"": 9, ""pw"": 10, ""rw"": 1}, {""sf"": 9, ""pw"": 14, ""rw"": 1}, {""sf"": 10, ""pw"": 10, ""rw"": 1},  {""sf"": 10, ""pw"": 14, ""rw"": 1}, {""sf"": 11, ""pw"": 10, ""rw"": 1}, {""sf"": 11, ""pw"": 14, ""rw"": 1}, {""sf"": 12, ""pw"": 10, ""rw"": 1}, {""sf"": 12, ""pw"": 14, ""rw"": 1}]"
111136,STIOT v 1.01,14,8,00:10:20,LoRa@FIIT,1.0,1,"[{""sf"": 7, ""pw"": 10, ""rw"": 1}, {""sf"": 7, ""pw"": 14, ""rw"": 1}, {""sf"": 8, ""pw"": 10, ""rw"": 1}, {""sf"": 8, ""pw"": 14, ""rw"": 1}, {""sf"": 9, ""pw"": 10, ""rw"": 1}, {""sf"": 9, ""pw"": 14, ""rw"": 1}, {""sf"": 10, ""pw"": 10, ""rw"": 1},  {""sf"": 10, ""pw"": 14, ""rw"": 1}, {""sf"": 11, ""pw"": 10, ""rw"": 1}, {""sf"": 11, ""pw"": 14, ""rw"": 1}, {""sf"": 12, ""pw"": 10, ""rw"": 1}, {""sf"": 12, ""pw"": 14, ""rw"": 1}]"
111137,STIOT v 1.01,14,8,00:10:21,LoRa@FIIT,1.0,1,"[{""sf"": 7, ""pw"": 10, ""rw"": 1}, {""sf"": 7, ""pw"": 14, ""rw"": 1}, {""sf"": 8, ""pw"": 10, ""rw"": 1}, {""sf"": 8, ""pw"": 14, ""rw"": 1}, {""sf"": 9, ""pw"": 10, ""rw"": 1}, {""sf"": 9, ""pw"": 14, ""rw"": 1}, {""sf"": 10, ""pw"": 10, ""rw"": 1},  {""sf"": 10, ""pw"": 14, ""rw"": 1}, {""sf"": 11, ""pw"": 10, ""rw"": 1}, {""sf"": 11, ""pw"": 14, ""rw"": 1}, {""sf"": 12, ""pw"": 10, ""rw"": 1}, {""sf"": 12, ""pw"": 14, ""rw"": 1}]"
111138,STIOT v 1.01,14,8,00:10:22,LoRa@FIIT,1.0,1,"[{""sf"": 7, ""pw"": 10, ""rw"": 1}, {""sf"": 7, ""pw"": 14, ""rw"": 1}, {""sf"": 8, ""pw"": 10, ""rw"": 1}, {""sf"": 8, ""pw"": 14, ""rw"": 1}, {""sf"": 9, ""pw"": 10, ""rw"": 1}, {""sf"": 9, ""pw"": 14, ""rw"": 1}, {""sf"": 10, ""pw"": 10, ""rw"": 1},  {""sf"": 10, ""pw"": 14, ""rw"": 1}, {""sf"": 11, ""pw"": 10, ""rw"": 1}, {""sf"": 11, ""pw"": 14, ""rw"": 1}, {""sf"": 12, ""pw"": 10, ""rw"": 1}, {""sf"": 12, ""pw"": 14, ""rw"": 1}]"
111139,STIOT v 1.01,14,8,00:10:23,LoRa@FIIT,1.0,1,"[{""sf"": 7, ""pw"": 10, ""rw"": 1}, {""sf"": 7, ""pw"": 14, ""rw"": 1}, {""sf"": 8, ""pw"": 10, ""rw"": 1}, {""sf"": 8, ""pw"": 14, ""rw"": 1}, {""sf"": 9, ""pw"": 10, ""rw"": 1}, {""sf"": 9, ""pw"": 14, ""rw"": 1}, {""sf"": 10, ""pw"": 10, ""rw"": 1},  {""sf"": 10, ""pw"": 14, ""rw"": 1}, {""sf"": 11, ""pw"": 10, ""rw"": 1}, {""sf"": 11, ""pw"": 14, ""rw"": 1}, {""sf"": 12, ""pw"": 10, ""rw"": 1}, {""sf"": 12, ""pw"": 14, ""rw"": 1}]"
111140,STIOT v 1.01,14,8,00:10:24,LoRa@FIIT,1.0,1,"[{""sf"": 7, ""pw"": 10, ""rw"": 1}, {""sf"": 7, ""pw"": 14, ""rw"": 1}, {""sf"": 8, ""pw"": 10, ""rw"": 1}, {""sf"": 8, ""pw"": 14, ""rw"": 1}, {""sf"": 9, ""pw"": 10, ""rw"": 1}, {""sf"": 9, ""pw"": 14, ""rw"": 1}, {""sf"": 10, ""pw"": 10, ""rw"": 1},  {""sf"": 10, ""pw"": 14, ""rw"": 1}, {""sf"": 11, ""pw"": 10, ""rw"": 1}, {""sf"": 11, ""pw"": 14, ""rw"": 1}, {""sf"": 12, ""pw"": 10, ""rw"": 1}, {""sf"": 12, ""pw"": 14, ""rw"": 1}]"
111141,STIOT v 1.01,14,8,00:10:25,LoRa@FIIT,1.0,1,"[{""sf"": 7, ""pw"": 10, ""rw"": 1}, {""sf"": 7, ""pw"": 14, ""rw"": 1}, {""sf"": 8, ""pw"": 10, ""rw"": 1}, {""sf"": 8, ""pw"": 14, ""rw"": 1}, {""sf"": 9, ""pw"": 10, ""rw"": 1}, {""sf"": 9, ""pw"": 14, ""rw"": 1}, {""sf"": 10, ""pw"": 10, ""rw"": 1},  {""sf"": 10, ""pw"": 14, ""rw"": 1}, {""sf"": 11, ""pw"": 10, ""rw"": 1}, {""sf"": 11, ""pw"": 14, ""rw"": 1}, {""sf"": 12, ""pw"": 10, ""rw"": 1}, {""sf"": 12, ""pw"": 14, ""rw"": 1}]"
111142,STIOT v 1.01,14,8,00:10:26,LoRa@FIIT,1.0,1,"[{""sf"": 7, ""pw"": 10, ""rw"": 1}, {""sf"": 7, ""pw"": 14, ""rw"": 1}, {""sf"": 8, ""pw"": 10, ""rw"": 1}, {""sf"": 8, ""pw"": 14, ""rw"": 1}, {""sf"": 9, ""pw"": 10, ""rw"": 1}, {""sf"": 9, ""pw"": 14, ""rw"": 1}, {""sf"": 10, ""pw"": 10, ""rw"": 1},  {""sf"": 10, ""pw"": 14, ""rw"": 1}, {""sf"": 11, ""pw"": 10, ""rw"": 1}, {""sf"": 11, ""pw"": 14, ""rw"": 1}, {""sf"": 12, ""pw"": 10, ""rw"": 1}, {""sf"": 12, ""pw"": 14, ""rw"": 1}]"
111143,STIOT v 1.01,14,8,00:10:27,LoRa@FIIT,1.0,1,"[{""sf"": 7, ""pw"": 10, ""rw"": 1}, {""sf"": 7, ""pw"": 14, ""rw"": 1}, {""sf"": 8, ""pw"": 10, ""rw"": 1}, {""sf"": 8, ""pw"": 14, ""rw"": 1}, {""sf"": 9, ""pw"": 10, ""rw"": 1}, {""sf"": 9, ""pw"": 14, ""rw"": 1}, {""sf"": 10, ""pw"": 10, ""rw"": 1},  {""sf"": 10, ""pw"": 14, ""rw"": 1}, {""sf"": 11, ""pw"": 10, ""rw"": 1}, {""sf"": 11, ""pw"": 14, ""rw"": 1}, {""sf"": 12, ""pw"": 10, ""rw"": 1}, {""sf"": 12, ""pw"": 14, ""rw"": 1}]"
111144,STIOT v 1.01,14,8,00:10:28,LoRa@FIIT,1.0,1,"[{""sf"": 7, ""pw"": 10, ""rw"": 1}, {""sf"": 7, ""pw"": 14, ""rw"": 1}, {""sf"": 8, ""pw"": 10, ""rw"": 1}, {""sf"": 8, ""pw"": 14, ""rw"": 1}, {""sf"": 9, ""pw"": 10, ""rw"": 1}, {""sf"": 9, ""pw"": 14, ""rw"": 1}, {""sf"": 10, ""pw"": 10, ""rw"": 1},  {""sf"": 10, ""pw"": 14, ""rw"": 1}, {""sf"": 11, ""pw"": 10, ""rw"": 1}, {""sf"": 11, ""pw"": 14, ""rw"": 1}, {""sf"": 12, ""pw"": 10, ""rw"": 1}, {""sf"": 12, ""pw"": 14, ""rw"": 1}]"
111145,STIOT v 1.01,14,8,00:10:29,LoRa@FIIT,1.0,1,"[{""sf"": 7, ""pw"": 10, ""rw"": 1}, {""sf"": 7, ""pw"": 14, ""rw"": 1}, {""sf"": 8, ""pw"": 10, ""rw"": 1}, {""sf"": 8, ""pw"": 14, ""rw"": 1}, {""sf"": 9, ""pw"": 10, ""rw"": 1}, {""sf"": 9, ""pw"": 14, ""rw"": 1}, {""sf"": 10, ""pw"": 10, ""rw"": 1},  {""sf"": 10, ""pw"": 14, ""rw"": 1}, {""sf"": 11, ""pw"": 10, ""rw"": 1}, {""sf"": 11, ""pw"": 14, ""rw"": 1}, {""sf"": 12, ""pw"": 10, ""rw"": 1}, {""sf"": 12, ""pw"": 14, ""rw"": 1}]"
111146,STIOT v 1.01,14,8,00:10:30,LoRa@FIIT,1.0,1,"[{""sf"": 7, ""pw"": 10, ""rw"": 1}, {""sf"": 7, ""pw"": 14, ""rw"": 1}, {""sf"": 8, ""pw"": 10, ""rw"": 1}, {""sf"": 8, ""pw"": 14, ""rw"": 1}, {""sf"": 9, ""pw"": 10, ""rw"": 1}, {""sf"": 9, ""pw"": 14, ""rw"": 1}, {""sf"": 10, ""pw"": 10, ""rw"": 1},  {""sf"": 10, ""pw"": 14, ""rw"": 1}, {""sf"": 11, ""pw"": 10, ""rw"": 1}, {""sf"": 11, ""pw"": 14, ""rw"": 1}, {""sf"": 12, ""pw"": 10, ""rw"": 1}, {""sf"": 12, ""pw"": 14, ""rw"": 1}]"
111147,STIOT v 1.01,14,8,00:10:31,LoRa@FIIT,1.0,1,"[{""sf"": 7, ""pw"": 10, ""rw"": 1}, {""sf"": 7, ""pw"": 14, ""rw"": 1}, {""sf"": 8, ""pw"": 10, ""rw"": 1}, {""sf"": 8, ""pw"": 14, ""rw"": 1}, {""sf"": 9, ""pw"": 10, ""rw"": 1}, {""sf"": 9, ""pw"": 14, ""rw"": 1}, {""sf"": 10, ""pw"": 10, ""rw"": 1},  {""sf"": 10, ""pw"": 14, ""rw"": 1}, {""sf"": 11, ""pw"": 10, ""rw"": 1}, {""sf"": 11, ""pw"": 14, ""rw"": 1}, {""sf"": 12, ""pw"": 10, ""rw"": 1}, {""sf"": 12, ""pw"": 14, ""rw"": 1}]"
111148,STIOT v 1.01,14,8,00:10:32,LoRa@FIIT,1.0,1,"[{""sf"": 7, ""pw"": 10, ""rw"": 1}, {""sf"": 7, ""pw"": 14, ""rw"": 1}, {""sf"": 8, ""pw"": 10, ""rw"": 1}, {""sf"": 8, ""pw"": 14, ""rw"": 1}, {""sf"": 9, ""pw"": 10, ""rw"": 1}, {""sf"": 9, ""pw"": 14, ""rw"": 1}, {""sf"": 10, ""pw"": 10, ""rw"": 1},  {""sf"": 10, ""pw"": 14, ""rw"": 1}, {""sf"": 11, ""pw"": 10, ""rw"": 1}, {""sf"": 11, ""pw"": 14, ""rw"": 1}, {""sf"": 12, ""pw"": 10, ""rw"": 1}, {""sf"": 12, ""pw"": 14, ""rw"": 1}]"
111149,STIOT v 1.01,14,8,00:10:33,LoRa@FIIT,1.0,1,"[{""sf"": 7, ""pw"": 10, ""rw"": 1}, {""sf"": 7, ""pw"": 14, ""rw"": 1}, {""sf"": 8, ""pw"": 10, ""rw"": 1}, {""sf"": 8, ""pw"": 14, ""rw"": 1}, {""sf"": 9, ""pw"": 10, ""rw"": 1}, {""sf"": 9, ""pw"": 14, ""rw"": 1}, {""sf"": 10, ""pw"": 10, ""rw"": 1},  {""sf"": 10, ""pw"": 14, ""rw"": 1}, {""sf"": 11, ""pw"": 10, ""rw"": 1}, {""sf"": 11, ""pw"": 14, ""rw"": 1}, {""sf"": 12, ""pw"": 10, ""rw"": 1}, {""sf"": 12, ""pw"": 14, ""rw"": 1}]"
111101,STIOT v 1.01,14,8,00:43:58,LoRa@FIIT,1.0,1,"[{""sf"": 7, ""pw"": 10, ""rw"": 1}, {""sf"": 7, ""pw"": 14, ""rw"": 1}, {""sf"": 8, ""pw"": 10, ""rw"": 1}, {""sf"": 8, ""pw"": 14, ""rw"": 1}, {""sf"": 9, ""pw"": 10, ""rw"": 1}, {""sf"": 9, ""pw"": 14, ""rw"": 1}, {""sf"": 10, ""pw"": 10, ""rw"": 1},  {""sf"": 10, ""pw"": 14, ""rw"": 1}, {""sf"": 11, ""pw"": 10, ""rw"": 1}, {""sf"": 11, ""pw"": 14, ""rw"": 1}, {""sf"": 12, ""pw"": 10, ""rw"": 1}, {""sf"": 12, ""pw"": 14, ""rw"": 1}]"
111102,STIOT v 1.01,14,8,00:43:59,LoRa@FIIT,1.0,1,"[{""sf"": 7, ""pw"": 10, ""rw"": 1}, {""sf"": 7, ""pw"": 14, ""rw"": 1}, {""sf"": 8, ""pw"": 10, ""rw"": 1}, {""sf"": 8, ""pw"": 14, ""rw"": 1}, {""sf"": 9, ""pw"": 10, ""rw"": 1}, {""sf"": 9, ""pw"": 14, ""rw"": 1}, {""sf"": 10, ""pw"": 10, ""rw"": 1},  {""sf"": 10, ""pw"": 14, ""rw"": 1}, {""sf"": 11, ""pw"": 10, ""rw"": 1}, {""sf"": 11, ""pw"": 14, ""rw"": 1}, {""sf"": 12, ""pw"": 10, ""rw"": 1}, {""sf"": 12, ""pw"": 14, ""rw"": 1}]"
111103,STIOT v 1.01,14,8,00:43:59,LoRa@FIIT,1.0,1,"[{""sf"": 7, ""pw"": 10, ""rw"": 1}, {""sf"": 7, ""pw"": 14, ""rw"": 1}, {""sf"": 8, ""pw"": 10, ""rw"": 1}, {""sf"": 8, ""pw"": 14, ""rw"": 1}, {""sf"": 9, ""pw"": 10, ""rw"": 1}, {""sf"": 9, ""pw"": 14, ""rw"": 1}, {""sf"": 10, ""pw"": 10, ""rw"": 1},  {""sf"": 10, ""pw"": 14, ""rw"": 1}, {""sf"": 11, ""pw"": 10, ""rw"": 1}, {""sf"": 11, ""pw"": 14, ""rw"": 1}, {""sf"": 12, ""pw"": 10, ""rw"": 1}, {""sf"": 12, ""pw"": 14, ""rw"": 1}]"
111107,STIOT v 1.01,14,8,00:43:58,LoRa@FIIT,1.0,1,"[{""sf"": 7, ""pw"": 10, ""rw"": 1}, {""sf"": 7, ""pw"": 14, ""rw"": 1}, {""sf"": 8, ""pw"": 10, ""rw"": 1}, {""sf"": 8, ""pw"": 14, ""rw"": 1}, {""sf"": 9, ""pw"": 10, ""rw"": 1}, {""sf"": 9, ""pw"": 14, ""rw"": 1}, {""sf"": 10, ""pw"": 10, ""rw"": 1},  {""sf"": 10, ""pw"": 14, ""rw"": 1}, {""sf"": 11, ""pw"": 10, ""rw"": 1}, {""sf"": 11, ""pw"": 14, ""rw"": 1}, {""sf"": 12, ""pw"": 10, ""rw"": 1}, {""sf"": 12, ""pw"": 14, ""rw"": 1}]"
111100,STIOT v 1.01,14,8,00:43:59,LoRa@FIIT,1.0,1,"[{""sf"": 7, ""pw"": 10, ""rw"": 1}, {""sf"": 7, ""pw"": 14, ""rw"": 1}, {""sf"": 8, ""pw"": 10, ""rw"": 1}, {""sf"": 8, ""pw"": 14, ""rw"": 1}, {""sf"": 9, ""pw"": 10, ""rw"": 1}, {""sf"": 9, ""pw"": 14, ""rw"": 1}, {""sf"": 10, ""pw"": 10, ""rw"": 1},  {""sf"": 10, ""pw"": 14, ""rw"": 1}, {""sf"": 11, ""pw"": 10, ""rw"": 1}, {""sf"": 11, ""pw"": 14, ""rw"": 1}, {""sf"": 12, ""pw"": 10, ""rw"": 1}, {""sf"": 12, ""pw"": 14, ""rw"": 1}]"
111104,STIOT v 1.01,14,8,00:43:59,LoRa@FIIT,1.0,1,"[{""sf"": 7, ""pw"": 10, ""rw"": 1}, {""sf"": 7, ""pw"": 14, ""rw"": 1}, {""sf"": 8, ""pw"": 10, ""rw"": 1}, {""sf"": 8, ""pw"": 14, ""rw"": 1}, {""sf"": 9, ""pw"": 10, ""rw"": 1}, {""sf"": 9, ""pw"": 14, ""rw"": 1}, {""sf"": 10, ""pw"": 10, ""rw"": 1},  {""sf"": 10, ""pw"": 14, ""rw"": 1}, {""sf"": 11, ""pw"": 10, ""rw"": 1}, {""sf"": 11, ""pw"": 14, ""rw"": 1}, {""sf"": 12, ""pw"": 10, ""rw"": 1}, {""sf"": 12, ""pw"": 14, ""rw"": 1}]"
111106,STIOT v 1.01,14,8,00:43:59,LoRa@FIIT,1.0,1,"[{""sf"": 7, ""pw"": 10, ""rw"": 1}, {""sf"": 7, ""pw"": 14, ""rw"": 1}, {""sf"": 8, ""pw"": 10, ""rw"": 1}, {""sf"": 8, ""pw"": 14, ""rw"": 1}, {""sf"": 9, ""pw"": 10, ""rw"": 1}, {""sf"": 9, ""pw"": 14, ""rw"": 1}, {""sf"": 10, ""pw"": 10, ""rw"": 1},  {""sf"": 10, ""pw"": 14, ""rw"": 1}, {""sf"": 11, ""pw"": 10, ""rw"": 1}, {""sf"": 11, ""pw"": 14, ""rw"": 1}, {""sf"": 12, ""pw"": 10, ""rw"": 1}, {""sf"": 12, ""pw"": 14, ""rw"": 1}]"
111116,STIOT v 1.01,14,8,00:43:12,LoRa@FIIT,1.0,1,"[{""sf"": 7, ""pw"": 10, ""rw"": 1}, {""sf"": 7, ""pw"": 14, ""rw"": 1}, {""sf"": 8, ""pw"": 10, ""rw"": 1}, {""sf"": 8, ""pw"": 14, ""rw"": 1}, {""sf"": 9, ""pw"": 10, ""rw"": 1}, {""sf"": 9, ""pw"": 14, ""rw"": 1}, {""sf"": 10, ""pw"": 10, ""rw"": 1},  {""sf"": 10, ""pw"": 14, ""rw"": 1}, {""sf"": 11, ""pw"": 10, ""rw"": 1}, {""sf"": 11, ""pw"": 14, ""rw"": 1}, {""sf"": 12, ""pw"": 10, ""rw"": 1}, {""sf"": 12, ""pw"": 14, ""rw"": 1}]"
111110,STIOT v 1.01,14,8,00:51:52,LoRa@FIIT,1.0,1,"[{""sf"": 7, ""pw"": 10, ""rw"": 1}, {""sf"": 7, ""pw"": 14, ""rw"": 1}, {""sf"": 8, ""pw"": 10, ""rw"": 1}, {""sf"": 8, ""pw"": 14, ""rw"": 1}, {""sf"": 9, ""pw"": 10, ""rw"": 1}, {""sf"": 9, ""pw"": 14, ""rw"": 1}, {""sf"": 10, ""pw"": 10, ""rw"": 1},  {""sf"": 10, ""pw"": 14, ""rw"": 1}, {""sf"": 11, ""pw"": 10, ""rw"": 1}, {""sf"": 11, ""pw"": 14, ""rw"": 1}, {""sf"": 12, ""pw"": 10, ""rw"": 1}, {""sf"": 12, ""pw"": 14, ""rw"": 1}]"
111121,STIOT v 1.01,14,8,00:52:03,LoRa@FIIT,1.0,1,"[{""sf"": 7, ""pw"": 10, ""rw"": 1}, {""sf"": 7, ""pw"": 14, ""rw"": 1}, {""sf"": 8, ""pw"": 10, ""rw"": 1}, {""sf"": 8, ""pw"": 14, ""rw"": 1}, {""sf"": 9, ""pw"": 10, ""rw"": 1}, {""sf"": 9, ""pw"": 14, ""rw"": 1}, {""sf"": 10, ""pw"": 10, ""rw"": 1},  {""sf"": 10, ""pw"": 14, ""rw"": 1}, {""sf"": 11, ""pw"": 10, ""rw"": 1}, {""sf"": 11, ""pw"": 14, ""rw"": 1}, {""sf"": 12, ""pw"": 10, ""rw"": 1}, {""sf"": 12, ""pw"": 14, ""rw"": 1}]"
111122,STIOT v 1.01,14,8,00:52:04,LoRa@FIIT,1.0,1,"[{""sf"": 7, ""pw"": 10, ""rw"": 1}, {""sf"": 7, ""pw"": 14, ""rw"": 1}, {""sf"": 8, ""pw"": 10, ""rw"": 1}, {""sf"": 8, ""pw"": 14, ""rw"": 1}, {""sf"": 9, ""pw"": 10, ""rw"": 1}, {""sf"": 9, ""pw"": 14, ""rw"": 1}, {""sf"": 10, ""pw"": 10, ""rw"": 1},  {""sf"": 10, ""pw"": 14, ""rw"": 1}, {""sf"": 11, ""pw"": 10, ""rw"": 1}, {""sf"": 11, ""pw"": 14, ""rw"": 1}, {""sf"": 12, ""pw"": 10, ""rw"": 1}, {""sf"": 12, ""pw"": 14, ""rw"": 1}]"
111123,STIOT v 1.01,14,8,00:52:05,LoRa@FIIT,1.0,1,"[{""sf"": 7, ""pw"": 10, ""rw"": 1}, {""sf"": 7, ""pw"": 14, ""rw"": 1}, {""sf"": 8, ""pw"": 10, ""rw"": 1}, {""sf"": 8, ""pw"": 14, ""rw"": 1}, {""sf"": 9, ""pw"": 10, ""rw"": 1}, {""sf"": 9, ""pw"": 14, ""rw"": 1}, {""sf"": 10, ""pw"": 10, ""rw"": 1},  {""sf"": 10, ""pw"": 14, ""rw"": 1}, {""sf"": 11, ""pw"": 10, ""rw"": 1}, {""sf"": 11, ""pw"": 14, ""rw"": 1}, {""sf"": 12, ""pw"": 10, ""rw"": 1}, {""sf"": 12, ""pw"": 14, ""rw"": 1}]"
111124,STIOT v 1.01,14,8,00:52:06,LoRa@FIIT,1.0,1,"[{""sf"": 7, ""pw"": 10, ""rw"": 1}, {""sf"": 7, ""pw"": 14, ""rw"": 1}, {""sf"": 8, ""pw"": 10, ""rw"": 1}, {""sf"": 8, ""pw"": 14, ""rw"": 1}, {""sf"": 9, ""pw"": 10, ""rw"": 1}, {""sf"": 9, ""pw"": 14, ""rw"": 1}, {""sf"": 10, ""pw"": 10, ""rw"": 1},  {""sf"": 10, ""pw"": 14, ""rw"": 1}, {""sf"": 11, ""pw"": 10, ""rw"": 1}, {""sf"": 11, ""pw"": 14, ""rw"": 1}, {""sf"": 12, ""pw"": 10, ""rw"": 1}, {""sf"": 12, ""pw"": 14, ""rw"": 1}]"
111125,STIOT v 1.01,14,8,00:52:07,LoRa@FIIT,1.0,1,"[{""sf"": 7, ""pw"": 10, ""rw"": 1}, {""sf"": 7, ""pw"": 14, ""rw"": 1}, {""sf"": 8, ""pw"": 10, ""rw"": 1}, {""sf"": 8, ""pw"": 14, ""rw"": 1}, {""sf"": 9, ""pw"": 10, ""rw"": 1}, {""sf"": 9, ""pw"": 14, ""rw"": 1}, {""sf"": 10, ""pw"": 10, ""rw"": 1},  {""sf"": 10, ""pw"": 14, ""rw"": 1}, {""sf"": 11, ""pw"": 10, ""rw"": 1}, {""sf"": 11, ""pw"": 14, ""rw"": 1}, {""sf"": 12, ""pw"": 10, ""rw"": 1}, {""sf"": 12, ""pw"": 14, ""rw"": 1}]"
IIIIII,STIOT v 1.01,14,8,00:51:39,LoRa@FIIT,1.0,1,"[{""sf"": 7, ""pw"": 10, ""rw"": 1}, {""sf"": 7, ""pw"": 14, ""rw"": 1}, {""sf"": 8, ""pw"": 10, ""rw"": 1}, {""sf"": 8, ""pw"": 14, ""rw"": 1}, {""sf"": 9, ""pw"": 10, ""rw"": 1}, {""sf"": 9, ""pw"": 14, ""rw"": 1}, {""sf"": 10, ""pw"": 10, ""rw"": 1},  {""sf"": 10, ""pw"": 14, ""rw"": 1}, {""sf"": 11, ""pw"": 10, ""rw"": 1}, {""sf"": 11, ""pw"": 14, ""rw"": 1}, {""sf"": 12, ""pw"": 10, ""rw"": 1}, {""sf"": 12, ""pw"": 14, ""rw"": 1}]"
KKKKKK,STIOT v 1.01,14,8,00:07:39,LoRa@FIIT,1.0,1,"[{""sf"": 7, ""pw"": 10, ""rw"": 1}, {""sf"": 7, ""pw"": 14, ""rw"": 1}, {""sf"": 8, ""pw"": 10, ""rw"": 1}, {""sf"": 8, ""pw"": 14, ""rw"": 1}, {""sf"": 9, ""pw"": 10, ""rw"": 1}, {""sf"": 9, ""pw"": 14, ""rw"": 1}, {""sf"": 10, ""pw"": 10, ""rw"": 1},  {""sf"": 10, ""pw"": 14, ""rw"": 1}, {""sf"": 11, ""pw"": 10, ""rw"": 1}, {""sf"": 11, ""pw"": 14, ""rw"": 1}, {""sf"": 12, ""pw"": 10, ""rw"": 1}, {""sf"": 12, ""pw"": 14, ""rw"": 1}]"
LLLLLL,STIOT v 1.01,14,8,00:08:06,LoRa@FIIT,1.0,1,"[{""sf"": 7, ""pw"": 10, ""rw"": 1}, {""sf"": 7, ""pw"": 14, ""rw"": 1}, {""sf"": 8, ""pw"": 10, ""rw"": 1}, {""sf"": 8, ""pw"": 14, ""rw"": 1}, {""sf"": 9, ""pw"": 10, ""rw"": 1}, {""sf"": 9, ""pw"": 14, ""rw"": 1}, {""sf"": 10, ""pw"": 10, ""rw"": 1},  {""sf"": 10, ""pw"": 14, ""rw"": 1}, {""sf"": 11, ""pw"": 10, ""rw"": 1}, {""sf"": 11, ""pw"": 14, ""rw"": 1}, {""sf"": 12, ""pw"": 10, ""rw"": 1}, {""sf"": 12, ""pw"": 14, ""rw"": 1}]"
111114,STIOT v 1.01,14,8,00:43:10,LoRa@FIIT,1.0,1,"[{""sf"": 7, ""pw"": 10, ""rw"": 1}, {""sf"": 7, ""pw"": 14, ""rw"": 1}, {""sf"": 8, ""pw"": 10, ""rw"": 1}, {""sf"": 8, ""pw"": 14, ""rw"": 1}, {""sf"": 9, ""pw"": 10, ""rw"": 1}, {""sf"": 9, ""pw"": 14, ""rw"": 1}, {""sf"": 10, ""pw"": 10, ""rw"": 1},  {""sf"": 10, ""pw"": 14, ""rw"": 1}, {""sf"": 11, ""pw"": 10, ""rw"": 1}, {""sf"": 11, ""pw"": 14, ""rw"": 1}, {""sf"": 12, ""pw"": 10, ""rw"": 1}, {""sf"": 12, ""pw"": 14, ""rw"": 1}]"
111115,STIOT v 1.01,14,8,00:43:11,LoRa@FIIT,1.0,1,"[{""sf"": 7, ""pw"": 10, ""rw"": 1}, {""sf"": 7, ""pw"": 14, ""rw"": 1}, {""sf"": 8, ""pw"": 10, ""rw"": 1}, {""sf"": 8, ""pw"": 14, ""rw"": 1}, {""sf"": 9, ""pw"": 10, ""rw"": 1}, {""sf"": 9, ""pw"": 14, ""rw"": 1}, {""sf"": 10, ""pw"": 10, ""rw"": 1},  {""sf"": 10, ""pw"": 14, ""rw"": 1}, {""sf"": 11, ""pw"": 10, ""rw"": 1}, {""sf"": 11, ""pw"": 14, ""rw"": 1}, {""sf"": 12, ""pw"": 10, ""rw"": 1}, {""sf"": 12, ""pw"": 14, ""rw"": 1}]"
111112,STIOT v 1.01,14,8,00:33:29,LoRa@FIIT,1.0,1,"[{""sf"": 7, ""pw"": 10, ""rw"": 1}, {""sf"": 7, ""pw"": 14, ""rw"": 1}, {""sf"": 8, ""pw"": 10, ""rw"": 1}, {""sf"": 8, ""pw"": 14, ""rw"": 1}, {""sf"": 9, ""pw"": 10, ""rw"": 1}, {""sf"": 9, ""pw"": 14, ""rw"": 1}, {""sf"": 10, ""pw"": 10, ""rw"": 1},  {""sf"": 10, ""pw"": 14, ""rw"": 1}, {""sf"": 11, ""pw"": 10, ""rw"": 1}, {""sf"": 11, ""pw"": 14, ""rw"": 1}, {""sf"": 12, ""pw"": 10, ""rw"": 1}, {""sf"": 12, ""pw"": 14, ""rw"": 1}]"
AAAAAA,STIOT v 1.01,14,8,00:42:59,LoRa@FIIT,1.0,1,"[{""sf"": 7, ""pw"": 10, ""rw"": 1}, {""sf"": 7, ""pw"": 14, ""rw"": 1}, {""sf"": 8, ""pw"": 10, ""rw"": 1}, {""sf"": 8, ""pw"": 14, ""rw"": 1}, {""sf"": 9, ""pw"": 10, ""rw"": 1}, {""sf"": 9, ""pw"": 14, ""rw"": 1}, {""sf"": 10, ""pw"": 10, ""rw"": 1},  {""sf"": 10, ""pw"": 14, ""rw"": 1}, {""sf"": 11, ""pw"": 10, ""rw"": 1}, {""sf"": 11, ""pw"": 14, ""rw"": 1}, {""sf"": 12, ""pw"": 10, ""rw"": 1}, {""sf"": 12, ""pw"": 14, ""rw"": 1}]"
BBBBBB,STIOT v 1.01,14,8,00:07:52,LoRa@FIIT,1.0,1,"[{""sf"": 7, ""pw"": 10, ""rw"": 1}, {""sf"": 7, ""pw"": 14, ""rw"": 1}, {""sf"": 8, ""pw"": 10, ""rw"": 1}, {""sf"": 8, ""pw"": 14, ""rw"": 1}, {""sf"": 9, ""pw"": 10, ""rw"": 1}, {""sf"": 9, ""pw"": 14, ""rw"": 1}, {""sf"": 10, ""pw"": 10, ""rw"": 1},  {""sf"": 10, ""pw"": 14, ""rw"": 1}, {""sf"": 11, ""pw"": 10, ""rw"": 1}, {""sf"": 11, ""pw"": 14, ""rw"": 1}, {""sf"": 12, ""pw"": 10, ""rw"": 1}, {""sf"": 12, ""pw"": 14, ""rw"": 1}]"
CCCCCC,STIOT v 1.01,14,8,00:08:16,LoRa@FIIT,1.0,1,"[{""sf"": 7, ""pw"": 10, ""rw"": 1}, {""sf"": 7, ""pw"": 14, ""rw"": 1}, {""sf"": 8, ""pw"": 10, ""rw"": 1}, {""sf"": 8, ""pw"": 14, ""rw"": 1}, {""sf"": 9, ""pw"": 10, ""rw"": 1}, {""sf"": 9, ""pw"": 14, ""rw"": 1}, {""sf"": 10, ""pw"": 10, ""rw"": 1},  {""sf"": 10, ""pw"": 14, ""rw"": 1}, {""sf"": 11, ""pw"": 10, ""rw"": 1}, {""sf"": 11, ""pw"": 14, ""rw"": 1}, {""sf"": 12, ""pw"": 10, ""rw"": 1}, {""sf"": 12, ""pw"": 14, ""rw"": 1}]"
DDDDDD,STIOT v 1.01,14,8,00:41:11,LoRa@FIIT,1.0,1,"[{""sf"": 7, ""pw"": 10, ""rw"": 1}, {""sf"": 7, ""pw"": 14, ""rw"": 1}, {""sf"": 8, ""pw"": 10, ""rw"": 1}, {""sf"": 8, ""pw"": 14, ""rw"": 1}, {""sf"": 9, ""pw"": 10, ""rw"": 1}, {""sf"": 9, ""pw"": 14, ""rw"": 1}, {""sf"": 10, ""pw"": 10, ""rw"": 1},  {""sf"": 10, ""pw"": 14, ""rw"": 1}, {""sf"": 11, ""pw"": 10, ""rw"": 1}, {""sf"": 11, ""pw"": 14, ""rw"": 1}, {""sf"": 12, ""pw"": 10, ""rw"": 1}, {""sf"": 12, ""pw"": 14, ""rw"": 1}]"
EEEEEE,STIOT v 1.01,14,8,00:27:09,LoRa@FIIT,1.0,1,"[{""sf"": 7, ""pw"": 10, ""rw"": 1}, {""sf"": 7, ""pw"": 14, ""rw"": 1}, {""sf"": 8, ""pw"": 10, ""rw"": 1}, {""sf"": 8, ""pw"": 14, ""rw"": 1}, {""sf"": 9, ""pw"": 10, ""rw"": 1}, {""sf"": 9, ""pw"": 14, ""rw"": 1}, {""sf"": 10, ""pw"": 10, ""rw"": 1},  {""sf"": 10, ""pw"": 14, ""rw"": 1}, {""sf"": 11, ""pw"": 10, ""rw"": 1}, {""sf"": 11, ""pw"": 14, ""rw"": 1}, {""sf"": 12, ""pw"": 10, ""rw"": 1}, {""sf"": 12, ""pw"": 14, ""rw"": 1}]"
GGGGGG,STIOT v 1.01,14,8,00:05:12,LoRa@FIIT,1.0,1,"[{""sf"": 7, ""pw"": 10, ""rw"": 1}, {""sf"": 7, ""pw"": 14, ""rw"": 1}, {""sf"": 8, ""pw"": 10, ""rw"": 1}, {""sf"": 8, ""pw"": 14, ""rw"": 1}, {""sf"": 9, ""pw"": 10, ""rw"": 1}, {""sf"": 9, ""pw"": 14, ""rw"": 1}, {""sf"": 10, ""pw"": 10, ""rw"": 1},  {""sf"": 10, ""pw"": 14, ""rw"": 1}, {""sf"": 11, ""pw"": 10, ""rw"": 1}, {""sf"": 11, ""pw"": 14, ""rw"": 1}, {""sf"": 12, ""pw"": 10, ""rw"": 1}, {""sf"": 12, ""pw"": 14, ""rw"": 1}]"
FFFFFF,STIOT v 1.01,14,8,00:39:22,LoRa@FIIT,1.0,1,"[{""sf"": 7, ""pw"": 10, ""rw"": 1}, {""sf"": 7, ""pw"": 14, ""rw"": 1}, {""sf"": 8, ""pw"": 10, ""rw"": 1}, {""sf"": 8, ""pw"": 14, ""rw"": 1}, {""sf"": 9, ""pw"": 10, ""rw"": 1}, {""sf"": 9, ""pw"": 14, ""rw"": 1}, {""sf"": 10, ""pw"": 10, ""rw"": 1},  {""sf"": 10, ""pw"": 14, ""rw"": 1}, {""sf"": 11, ""pw"": 10, ""rw"": 1}, {""sf"": 11, ""pw"": 14, ""rw"": 1}, {""sf"": 12, ""pw"": 10, ""rw"": 1}, {""sf"": 12, ""pw"": 14, ""rw"": 1}]"
111113,STIOT v 1.01,14,8,00:43:09,LoRa@FIIT,1.0,1,"[{""sf"": 7, ""pw"": 10, ""rw"": 1}, {""sf"": 7, ""pw"": 14, ""rw"": 1}, {""sf"": 8, ""pw"": 10, ""rw"": 1}, {""sf"": 8, ""pw"": 14, ""rw"": 1}, {""sf"": 9, ""pw"": 10, ""rw"": 1}, {""sf"": 9, ""pw"": 14, ""rw"": 1}, {""sf"": 10, ""pw"": 10, ""rw"": 1},  {""sf"": 10, ""pw"": 14, ""rw"": 1}, {""sf"": 11, ""pw"": 10, ""rw"": 1}, {""sf"": 11, ""pw"": 14, ""rw"": 1}, {""sf"": 12, ""pw"": 10, ""rw"": 1}, {""sf"": 12, ""pw"": 14, ""rw"": 1}]"
HHHHHH,STIOT v 1.01,14,8,00:40:01,LoRa@FIIT,1.0,1,"[{""sf"": 7, ""pw"": 10, ""rw"": 1}, {""sf"": 7, ""pw"": 14, ""rw"": 1}, {""sf"": 8, ""pw"": 10, ""rw"": 1}, {""sf"": 8, ""pw"": 14, ""rw"": 1}, {""sf"": 9, ""pw"": 10, ""rw"": 1}, {""sf"": 9, ""pw"": 14, ""rw"": 1}, {""sf"": 10, ""pw"": 10, ""rw"": 1},  {""sf"": 10, ""pw"": 14, ""rw"": 1}, {""sf"": 11, ""pw"": 10, ""rw"": 1}, {""sf"": 11, ""pw"": 14, ""rw"": 1}, {""sf"": 12, ""pw"": 10, ""rw"": 1}, {""sf"": 12, ""pw"": 14, ""rw"": 1}]"
dddd12,STIOT v 1.01,14,8,00:49:36,LoRa@FIIT,1.0,1,"[{""sf"": 7, ""pw"": 10, ""rw"": 1}, {""sf"": 7, ""pw"": 14, ""rw"": 1}, {""sf"": 8, ""pw"": 10, ""rw"": 1}, {""sf"": 8, ""pw"": 14, ""rw"": 1}, {""sf"": 9, ""pw"": 10, ""rw"": 1}, {""sf"": 9, ""pw"": 14, ""rw"": 1}, {""sf"": 10, ""pw"": 10, ""rw"": 1},  {""sf"": 10, ""pw"": 14, ""rw"": 1}, {""sf"": 11, ""pw"": 10, ""rw"": 1}, {""sf"": 11, ""pw"": 14, ""rw"": 1}, {""sf"": 12, ""pw"": 10, ""rw"": 1}, {""sf"": 12, ""pw"": 14, ""rw"": 1}]"
111126,STIOT v 1.01,14,8,00:52:08,LoRa@FIIT,1.0,1,"[{""sf"": 7, ""pw"": 10, ""rw"": 1}, {""sf"": 7, ""pw"": 14, ""rw"": 1}, {""sf"": 8, ""pw"": 10, ""rw"": 1}, {""sf"": 8, ""pw"": 14, ""rw"": 1}, {""sf"": 9, ""pw"": 10, ""rw"": 1}, {""sf"": 9, ""pw"": 14, ""rw"": 1}, {""sf"": 10, ""pw"": 10, ""rw"": 1},  {""sf"": 10, ""pw"": 14, ""rw"": 1}, {""sf"": 11, ""pw"": 10, ""rw"": 1}, {""sf"": 11, ""pw"": 14, ""rw"": 1}, {""sf"": 12, ""pw"": 10, ""rw"": 1}, {""sf"": 12, ""pw"": 14, ""rw"": 1}]"
111127,STIOT v 1.01,14,8,00:52:09,LoRa@FIIT,1.0,1,"[{""sf"": 7, ""pw"": 10, ""rw"": 1}, {""sf"": 7, ""pw"": 14, ""rw"": 1}, {""sf"": 8, ""pw"": 10, ""rw"": 1}, {""sf"": 8, ""pw"": 14, ""rw"": 1}, {""sf"": 9, ""pw"": 10, ""rw"": 1}, {""sf"": 9, ""pw"": 14, ""rw"": 1}, {""sf"": 10, ""pw"": 10, ""rw"": 1},  {""sf"": 10, ""pw"": 14, ""rw"": 1}, {""sf"": 11, ""pw"": 10, ""rw"": 1}, {""sf"": 11, ""pw"": 14, ""rw"": 1}, {""sf"": 12, ""pw"": 10, ""rw"": 1}, {""sf"": 12, ""pw"": 14, ""rw"": 1}]"
111128,STIOT v 1.01,14,8,00:52:10,LoRa@FIIT,1.0,1,"[{""sf"": 7, ""pw"": 10, ""rw"": 1}, {""sf"": 7, ""pw"": 14, ""rw"": 1}, {""sf"": 8, ""pw"": 10, ""rw"": 1}, {""sf"": 8, ""pw"": 14, ""rw"": 1}, {""sf"": 9, ""pw"": 10, ""rw"": 1}, {""sf"": 9, ""pw"": 14, ""rw"": 1}, {""sf"": 10, ""pw"": 10, ""rw"": 1},  {""sf"": 10, ""pw"": 14, ""rw"": 1}, {""sf"": 11, ""pw"": 10, ""rw"": 1}, {""sf"": 11, ""pw"": 14, ""rw"": 1}, {""sf"": 12, ""pw"": 10, ""rw"": 1}, {""sf"": 12, ""pw"": 14, ""rw"": 1}]"
111129,STIOT v 1.01,14,8,00:52:11,LoRa@FIIT,1.0,1,"[{""sf"": 7, ""pw"": 10, ""rw"": 1}, {""sf"": 7, ""pw"": 14, ""rw"": 1}, {""sf"": 8, ""pw"": 10, ""rw"": 1}, {""sf"": 8, ""pw"": 14, ""rw"": 1}, {""sf"": 9, ""pw"": 10, ""rw"": 1}, {""sf"": 9, ""pw"": 14, ""rw"": 1}, {""sf"": 10, ""pw"": 10, ""rw"": 1},  {""sf"": 10, ""pw"": 14, ""rw"": 1}, {""sf"": 11, ""pw"": 10, ""rw"": 1}, {""sf"": 11, ""pw"": 14, ""rw"": 1}, {""sf"": 12, ""pw"": 10, ""rw"": 1}, {""sf"": 12, ""pw"": 14, ""rw"": 1}]"
111130,STIOT v 1.01,14,8,00:10:14,LoRa@FIIT,1.0,1,"[{""sf"": 7, ""pw"": 10, ""rw"": 1}, {""sf"": 7, ""pw"": 14, ""rw"": 1}, {""sf"": 8, ""pw"": 10, ""rw"": 1}, {""sf"": 8, ""pw"": 14, ""rw"": 1}, {""sf"": 9, ""pw"": 10, ""rw"": 1}, {""sf"": 9, ""pw"": 14, ""rw"": 1}, {""sf"": 10, ""pw"": 10, ""rw"": 1},  {""sf"": 10, ""pw"": 14, ""rw"": 1}, {""sf"": 11, ""pw"": 10, ""rw"": 1}, {""sf"": 11, ""pw"": 14, ""rw"": 1}, {""sf"": 12, ""pw"": 10, ""rw"": 1}, {""sf"": 12, ""pw"": 14, ""rw"": 1}]"
111131,STIOT v 1.01,14,8,00:10:15,LoRa@FIIT,1.0,1,"[{""sf"": 7, ""pw"": 10, ""rw"": 1}, {""sf"": 7, ""pw"": 14, ""rw"": 1}, {""sf"": 8, ""pw"": 10, ""rw"": 1}, {""sf"": 8, ""pw"": 14, ""rw"": 1}, {""sf"": 9, ""pw"": 10, ""rw"": 1}, {""sf"": 9, ""pw"": 14, ""rw"": 1}, {""sf"": 10, ""pw"": 10, ""rw"": 1},  {""sf"": 10, ""pw"": 14, ""rw"": 1}, {""sf"": 11, ""pw"": 10, ""rw"": 1}, {""sf"": 11, ""pw"": 14, ""rw"": 1}, {""sf"": 12, ""pw"": 10, ""rw"": 1}, {""sf"": 12, ""pw"": 14, ""rw"": 1}]"
111132,STIOT v 1.01,14,8,00:10:16,LoRa@FIIT,1.0,1,"[{""sf"": 7, ""pw"": 10, ""rw"": 1}, {""sf"": 7, ""pw"": 14, ""rw"": 1}, {""sf"": 8, ""pw"": 10, ""rw"": 1}, {""sf"": 8, ""pw"": 14, ""rw"": 1}, {""sf"": 9, ""pw"": 10, ""rw"": 1}, {""sf"": 9, ""pw"": 14, ""rw"": 1}, {""sf"": 10, ""pw"": 10, ""rw"": 1},  {""sf"": 10, ""pw"": 14, ""rw"": 1}, {""sf"": 11, ""pw"": 10, ""rw"": 1}, {""sf"": 11, ""pw"": 14, ""rw"": 1}, {""sf"": 12, ""pw"": 10, ""rw"": 1}, {""sf"": 12, ""pw"": 14, ""rw"": 1}]"
111133,STIOT v 1.01,14,8,00:10:17,LoRa@FIIT,1.0,1,"[{""sf"": 7, ""pw"": 10, ""rw"": 1}, {""sf"": 7, ""pw"": 14, ""rw"": 1}, {""sf"": 8, ""pw"": 10, ""rw"": 1}, {""sf"": 8, ""pw"": 14, ""rw"": 1}, {""sf"": 9, ""pw"": 10, ""rw"": 1}, {""sf"": 9, ""pw"": 14, ""rw"": 1}, {""sf"": 10, ""pw"": 10, ""rw"": 1},  {""sf"": 10, ""pw"": 14, ""rw"": 1}, {""sf"": 11, ""pw"": 10, ""rw"": 1}, {""sf"": 11, ""pw"": 14, ""rw"": 1}, {""sf"": 12, ""pw"": 10, ""rw"": 1}, {""sf"": 12, ""pw"": 14, ""rw"": 1}]"
111134,STIOT v 1.01,14,8,00:10:18,LoRa@FIIT,1.0,1,"[{""sf"": 7, ""pw"": 10, ""rw"": 1}, {""sf"": 7, ""pw"": 14, ""rw"": 1}, {""sf"": 8, ""pw"": 10, ""rw"": 1}, {""sf"": 8, ""pw"": 14, ""rw"": 1}, {""sf"": 9, ""pw"": 10, ""rw"": 1}, {""sf"": 9, ""pw"": 14, ""rw"": 1}, {""sf"": 10, ""pw"": 10, ""rw"": 1},  {""sf"": 10, ""pw"": 14, ""rw"": 1}, {""sf"": 11, ""pw"": 10, ""rw"": 1}, {""sf"": 11, ""pw"": 14, ""rw"": 1}, {""sf"": 12, ""pw"": 10, ""rw"": 1}, {""sf"": 12, ""pw"": 14, ""rw"": 1}]"
111135,STIOT v 1.01,14,8,00:10:19,LoRa@FIIT,1.0,1,"[{""sf"": 7, ""pw"": 10, ""rw"": 1}, {""sf"": 7, ""pw"": 14, ""rw"": 1}, {""sf"": 8, ""pw"": 10, ""rw"": 1}, {""sf"": 8, ""pw"": 14, ""rw"": 1}, {""sf"": 9, ""pw"": 10, ""rw"": 1}, {""sf"": 9, ""pw"": 14, ""rw"": 1}, {""sf"": 10, ""pw"": 10, ""rw"": 1},  {""sf"": 10, ""pw"": 14, ""rw"": 1}, {""sf"": 11, ""pw"": 10, ""rw"": 1}, {""sf"": 11, ""pw"": 14, ""rw"": 1}, {""sf"": 12, ""pw"": 10, ""rw"": 1}, {""sf"": 12, ""pw"": 14, ""rw"": 1}]"
123456,STIOT v 1.01,14,8,00:59:54,LoRa@FIIT,1.0,1,"[{""sf"": 7, ""pw"": 10, ""rw"": 1}, {""sf"": 7, ""pw"": 14, ""rw"": 1}, {""sf"": 8, ""pw"": 10, ""rw"": 1}, {""sf"": 8, ""pw"": 14, ""rw"": 1}, {""sf"": 9, ""pw"": 10, ""rw"": 1}, {""sf"": 9, ""pw"": 14, ""rw"": 1}, {""sf"": 10, ""pw"": 10, ""rw"": 1},  {""sf"": 10, ""pw"": 14, ""rw"": 1}, {""sf"": 11, ""pw"": 10, ""rw"": 1}, {""sf"": 11, ""pw"": 14, ""rw"": 1}, {""sf"": 12, ""pw"": 10, ""rw"": 1}, {""sf"": 12, ""pw"": 14, ""rw"": 1}]"
33333333,STIOT v 1.01,14,8,00:50:49,LoRa@FIIT,1.0,1,"[{""sf"": 7, ""pw"": 10, ""rw"": 1}, {""sf"": 7, ""pw"": 14, ""rw"": 1}, {""sf"": 8, ""pw"": 10, ""rw"": 1}, {""sf"": 8, ""pw"": 14, ""rw"": 1}, {""sf"": 9, ""pw"": 10, ""rw"": 1}, {""sf"": 9, ""pw"": 14, ""rw"": 1}, {""sf"": 10, ""pw"": 10, ""rw"": 1},  {""sf"": 10, ""pw"": 14, ""rw"": 1}, {""sf"": 11, ""pw"": 10, ""rw"": 1}, {""sf"": 11, ""pw"": 14, ""rw"": 1}, {""sf"": 12, ""pw"": 10, ""rw"": 1}, {""sf"": 12, ""pw"": 14, ""rw"": 1}]"
666666,STIOT v 1.01,14,8,00:28:46,LoRa@FIIT,1.0,1,"[{""sf"": 7, ""pw"": 10, ""rw"": 1}, {""sf"": 7, ""pw"": 14, ""rw"": 1}, {""sf"": 8, ""pw"": 10, ""rw"": 1}, {""sf"": 8, ""pw"": 14, ""rw"": 1}, {""sf"": 9, ""pw"": 10, ""rw"": 1}, {""sf"": 9, ""pw"": 14, ""rw"": 1}, {""sf"": 10, ""pw"": 10, ""rw"": 1},  {""sf"": 10, ""pw"": 14, ""rw"": 1}, {""sf"": 11, ""pw"": 10, ""rw"": 1}, {""sf"": 11, ""pw"": 14, ""rw"": 1}, {""sf"": 12, ""pw"": 10, ""rw"": 1}, {""sf"": 12, ""pw"": 14, ""rw"": 1}]"
777777,STIOT v 1.01,14,8,00:29:34,LoRa@FIIT,1.0,1,"[{""sf"": 7, ""pw"": 10, ""rw"": 1}, {""sf"": 7, ""pw"": 14, ""rw"": 1}, {""sf"": 8, ""pw"": 10, ""rw"": 1}, {""sf"": 8, ""pw"": 14, ""rw"": 1}, {""sf"": 9, ""pw"": 10, ""rw"": 1}, {""sf"": 9, ""pw"": 14, ""rw"": 1}, {""sf"": 10, ""pw"": 10, ""rw"": 1},  {""sf"": 10, ""pw"": 14, ""rw"": 1}, {""sf"": 11, ""pw"": 10, ""rw"": 1}, {""sf"": 11, ""pw"": 14, ""rw"": 1}, {""sf"": 12, ""pw"": 10, ""rw"": 1}, {""sf"": 12, ""pw"": 14, ""rw"": 1}]"
888888,STIOT v 1.01,14,8,00:29:50,LoRa@FIIT,1.0,1,"[{""sf"": 7, ""pw"": 10, ""rw"": 1}, {""sf"": 7, ""pw"": 14, ""rw"": 1}, {""sf"": 8, ""pw"": 10, ""rw"": 1}, {""sf"": 8, ""pw"": 14, ""rw"": 1}, {""sf"": 9, ""pw"": 10, ""rw"": 1}, {""sf"": 9, ""pw"": 14, ""rw"": 1}, {""sf"": 10, ""pw"": 10, ""rw"": 1},  {""sf"": 10, ""pw"": 14, ""rw"": 1}, {""sf"": 11, ""pw"": 10, ""rw"": 1}, {""sf"": 11, ""pw"": 14, ""rw"": 1}, {""sf"": 12, ""pw"": 10, ""rw"": 1}, {""sf"": 12, ""pw"": 14, ""rw"": 1}]"
999999,STIOT v 1.01,14,8,00:30:37,LoRa@FIIT,1.0,1,"[{""sf"": 7, ""pw"": 10, ""rw"": 1}, {""sf"": 7, ""pw"": 14, ""rw"": 1}, {""sf"": 8, ""pw"": 10, ""rw"": 1}, {""sf"": 8, ""pw"": 14, ""rw"": 1}, {""sf"": 9, ""pw"": 10, ""rw"": 1}, {""sf"": 9, ""pw"": 14, ""rw"": 1}, {""sf"": 10, ""pw"": 10, ""rw"": 1},  {""sf"": 10, ""pw"": 14, ""rw"": 1}, {""sf"": 11, ""pw"": 10, ""rw"": 1}, {""sf"": 11, ""pw"": 14, ""rw"": 1}, {""sf"": 12, ""pw"": 10, ""rw"": 1}, {""sf"": 12, ""pw"": 14, ""rw"": 1}]"
111117,STIOT v 1.01,14,8,00:43:13,LoRa@FIIT,1.0,1,"[{""sf"": 7, ""pw"": 10, ""rw"": 1}, {""sf"": 7, ""pw"": 14, ""rw"": 1}, {""sf"": 8, ""pw"": 10, ""rw"": 1}, {""sf"": 8, ""pw"": 14, ""rw"": 1}, {""sf"": 9, ""pw"": 10, ""rw"": 1}, {""sf"": 9, ""pw"": 14, ""rw"": 1}, {""sf"": 10, ""pw"": 10, ""rw"": 1},  {""sf"": 10, ""pw"": 14, ""rw"": 1}, {""sf"": 11, ""pw"": 10, ""rw"": 1}, {""sf"": 11, ""pw"": 14, ""rw"": 1}, {""sf"": 12, ""pw"": 10, ""rw"": 1}, {""sf"": 12, ""pw"": 14, ""rw"": 1}]"
111118,STIOT v 1.01,14,8,00:43:14,LoRa@FIIT,1.0,1,"[{""sf"": 7, ""pw"": 10, ""rw"": 1}, {""sf"": 7, ""pw"": 14, ""rw"": 1}, {""sf"": 8, ""pw"": 10, ""rw"": 1}, {""sf"": 8, ""pw"": 14, ""rw"": 1}, {""sf"": 9, ""pw"": 10, ""rw"": 1}, {""sf"": 9, ""pw"": 14, ""rw"": 1}, {""sf"": 10, ""pw"": 10, ""rw"": 1},  {""sf"": 10, ""pw"": 14, ""rw"": 1}, {""sf"": 11, ""pw"": 10, ""rw"": 1}, {""sf"": 11, ""pw"": 14, ""rw"": 1}, {""sf"": 12, ""pw"": 10, ""rw"": 1}, {""sf"": 12, ""pw"": 14, ""rw"": 1}]"
333333,STIOT v 1.01,14,8,00:49:10,LoRa@FIIT,1.0,1,"[{""sf"":7,""rw"":72,""pw"":10},{""sf"":7,""rw"":5,""pw"":14},{""sf"":8,""rw"":1,""pw"":10},{""sf"":8,""rw"":140,""pw"":14},{""sf"":9,""rw"":3,""pw"":10},{""sf"":9,""rw"":1,""pw"":14},{""sf"":10,""rw"":212,""pw"":10},{""sf"":10,""rw"":1,""pw"":14},{""sf"":11,""rw"":1,""pw"":10},{""sf"":11,""rw"":67,""pw"":14},{""sf"":12,""rw"":1,""pw"":10},{""sf"":12,""rw"":1,""pw"":14}]"
444444,STIOT v 1.01,14,8,00:13:37,LoRa@FIIT,1.0,1,"[{""sf"":7,""rw"":113,""pw"":10},{""sf"":7,""rw"":72,""pw"":14},{""sf"":8,""rw"":112,""pw"":10},{""sf"":8,""rw"":181,""pw"":14},{""sf"":9,""rw"":251,""pw"":10},{""sf"":9,""rw"":385,""pw"":14},{""sf"":10,""rw"":228,""pw"":10},{""sf"":10,""rw"":84,""pw"":14},{""sf"":11,""rw"":200,""pw"":10},{""sf"":11,""rw"":226,""pw"":14},{""sf"":12,""rw"":1,""pw"":10},{""sf"":12,""rw"":1,""pw"":14}]"
111111,STIOT v 1.01,14,8,00:13:40,LoRa@FIIT,1.0,1,"[{""sf"":7,""rw"":304,""pw"":10},{""sf"":7,""rw"":116,""pw"":14},{""sf"":8,""rw"":155,""pw"":10},{""sf"":8,""rw"":310,""pw"":14},{""sf"":9,""rw"":169,""pw"":10},{""sf"":9,""rw"":500,""pw"":14},{""sf"":10,""rw"":103,""pw"":10},{""sf"":10,""rw"":142,""pw"":14},{""sf"":11,""rw"":116,""pw"":10},{""sf"":11,""rw"":214,""pw"":14},{""sf"":12,""rw"":1,""pw"":10},{""sf"":12,""rw"":1,""pw"":14}]"
555555,STIOT v 1.01,14,8,00:28:33,LoRa@FIIT,1.0,1,"[{""sf"":7,""rw"":210,""pw"":10},{""sf"":7,""rw"":254,""pw"":14},{""sf"":8,""rw"":187,""pw"":10},{""sf"":8,""rw"":235,""pw"":14},{""sf"":9,""rw"":63,""pw"":10},{""sf"":9,""rw"":257,""pw"":14},{""sf"":10,""rw"":96,""pw"":10},{""sf"":10,""rw"":355,""pw"":14},{""sf"":11,""rw"":38,""pw"":10},{""sf"":11,""rw"":359,""pw"":14},{""sf"":12,""rw"":1,""pw"":10},{""sf"":12,""rw"":1,""pw"":14}]"
111119,STIOT v 1.01,14,8,00:48:36,LoRa@FIIT,1.0,1,"[{""sf"": 7, ""pw"": 10, ""rw"": 1}, {""sf"": 7, ""pw"": 14, ""rw"": 1}, {""sf"": 8, ""pw"": 10, ""rw"": 1}, {""sf"": 8, ""pw"": 14, ""rw"": 1}, {""sf"": 9, ""pw"": 10, ""rw"": 1}, {""sf"": 9, ""pw"": 14, ""rw"": 1}, {""sf"": 10, ""pw"": 10, ""rw"": 1},  {""sf"": 10, ""pw"": 14, ""rw"": 1}, {""sf"": 11, ""pw"": 10, ""rw"": 1}, {""sf"": 11, ""pw"": 14, ""rw"": 1}, {""sf"": 12, ""pw"": 10, ""rw"": 1}, {""sf"": 12, ""pw"": 14, ""rw"": 1}]"
111120,STIOT v 1.01,14,8,00:48:37,LoRa@FIIT,1.0,1,"[{""sf"": 7, ""pw"": 10, ""rw"": 1}, {""sf"": 7, ""pw"": 14, ""rw"": 1}, {""sf"": 8, ""pw"": 10, ""rw"": 1}, {""sf"": 8, ""pw"": 14, ""rw"": 1}, {""sf"": 9, ""pw"": 10, ""rw"": 1}, {""sf"": 9, ""pw"": 14, ""rw"": 1}, {""sf"": 10, ""pw"": 10, ""rw"": 1},  {""sf"": 10, ""pw"": 14, ""rw"": 1}, {""sf"": 11, ""pw"": 10, ""rw"": 1}, {""sf"": 11, ""pw"": 14, ""rw"": 1}, {""sf"": 12, ""pw"": 10, ""rw"": 1}, {""sf"": 12, ""pw"": 14, ""rw"": 1}]"
000000,STIOT v 1.01,14,8,00:30:46,LoRa@FIIT,1.0,1,"[{""sf"": 7, ""pw"": 10, ""rw"": 1}, {""sf"": 7, ""pw"": 14, ""rw"": 1}, {""sf"": 8, ""pw"": 10, ""rw"": 1}, {""sf"": 8, ""pw"": 14, ""rw"": 1}, {""sf"": 9, ""pw"": 10, ""rw"": 1}, {""sf"": 9, ""pw"": 14, ""rw"": 1}, {""sf"": 10, ""pw"": 10, ""rw"": 1},  {""sf"": 10, ""pw"": 14, ""rw"": 1}, {""sf"": 11, ""pw"": 10, ""rw"": 1}, {""sf"": 11, ""pw"": 14, ""rw"": 1}, {""sf"": 12, ""pw"": 10, ""rw"": 1}, {""sf"": 12, ""pw"": 14, ""rw"": 1}]"
petrico_wallachi,STIOT v 1.01,14,8,00:28:27,Lora@FIIT,1.0,1,"[{""sf"": 7, ""pw"": 10, ""rw"": 1}, {""sf"": 7, ""pw"": 14, ""rw"": 1}, {""sf"": 8, ""pw"": 10, ""rw"": 1}, {""sf"": 8, ""pw"": 14, ""rw"": 1}, {""sf"": 9, ""pw"": 10, ""rw"": 1}, {""sf"": 9, ""pw"": 14, ""rw"": 1}, {""sf"": 10, ""pw"": 10, ""rw"": 1},  {""sf"": 10, ""pw"": 14, ""rw"": 1}, {""sf"": 11, ""pw"": 10, ""rw"": 1}, {""sf"": 11, ""pw"": 14, ""rw"": 1}, {""sf"": 12, ""pw"": 10, ""rw"": 1}, {""sf"": 12, ""pw"": 14, ""rw"": 1}]"
11111111,STIOT v 1.01,14,8,00:40:32,Lora@FIIT,1.0,1,"[{""sf"": 7, ""pw"": 10, ""rw"": 1}, {""sf"": 7, ""pw"": 14, ""rw"": 1}, {""sf"": 8, ""pw"": 10, ""rw"": 1}, {""sf"": 8, ""pw"": 14, ""rw"": 1}, {""sf"": 9, ""pw"": 10, ""rw"": 1}, {""sf"": 9, ""pw"": 14, ""rw"": 1}, {""sf"": 10, ""pw"": 10, ""rw"": 1},  {""sf"": 10, ""pw"": 14, ""rw"": 1}, {""sf"": 11, ""pw"": 10, ""rw"": 1}, {""sf"": 11, ""pw"": 14, ""rw"": 1}, {""sf"": 12, ""pw"": 10, ""rw"": 1}, {""sf"": 12, ""pw"": 14, ""rw"": 1}]"
111109,STIOT v 1.01,14,8,00:43:59,LoRa@FIIT,1.0,1,"[{""sf"": 7, ""pw"": 10, ""rw"": 1}, {""sf"": 7, ""pw"": 14, ""rw"": 1}, {""sf"": 8, ""pw"": 10, ""rw"": 1}, {""sf"": 8, ""pw"": 14, ""rw"": 1}, {""sf"": 9, ""pw"": 10, ""rw"": 1}, {""sf"": 9, ""pw"": 14, ""rw"": 1}, {""sf"": 10, ""pw"": 10, ""rw"": 1},  {""sf"": 10, ""pw"": 14, ""rw"": 1}, {""sf"": 11, ""pw"": 10, ""rw"": 1}, {""sf"": 11, ""pw"": 14, ""rw"": 1}, {""sf"": 12, ""pw"": 10, ""rw"": 1}, {""sf"": 12, ""pw"": 14, ""rw"": 1}]"
111105,STIOT v 1.01,14,8,00:43:59,LoRa@FIIT,1.0,1,"[{""sf"": 7, ""pw"": 10, ""rw"": 1}, {""sf"": 7, ""pw"": 14, ""rw"": 1}, {""sf"": 8, ""pw"": 10, ""rw"": 1}, {""sf"": 8, ""pw"": 14, ""rw"": 1}, {""sf"": 9, ""pw"": 10, ""rw"": 1}, {""sf"": 9, ""pw"": 14, ""rw"": 1}, {""sf"": 10, ""pw"": 10, ""rw"": 1},  {""sf"": 10, ""pw"": 14, ""rw"": 1}, {""sf"": 11, ""pw"": 10, ""rw"": 1}, {""sf"": 11, ""pw"": 14, ""rw"": 1}, {""sf"": 12, ""pw"": 10, ""rw"": 1}, {""sf"": 12, ""pw"": 14, ""rw"": 1}]"
111108,STIOT v 1.01,14,8,00:00:34,LoRa@FIIT,1.0,1,"[{""sf"": 7, ""pw"": 10, ""rw"": 1}, {""sf"": 7, ""pw"": 14, ""rw"": 1}, {""sf"": 8, ""pw"": 10, ""rw"": 1}, {""sf"": 8, ""pw"": 14, ""rw"": 1}, {""sf"": 9, ""pw"": 10, ""rw"": 1}, {""sf"": 9, ""pw"": 14, ""rw"": 1}, {""sf"": 10, ""pw"": 10, ""rw"": 1},  {""sf"": 10, ""pw"": 14, ""rw"": 1}, {""sf"": 11, ""pw"": 10, ""rw"": 1}, {""sf"": 11, ""pw"": 14, ""rw"": 1}, {""sf"": 12, ""pw"": 10, ""rw"": 1}, {""sf"": 12, ""pw"": 14, ""rw"": 1}]"
222222,STIOT v 1.01,14,8,00:11:52,LoRa@FIIT,1.0,1,"[{""sf"":7,""rw"":108,""pw"":10},{""sf"":7,""rw"":136,""pw"":14},{""sf"":8,""rw"":116,""pw"":10},{""sf"":8,""rw"":82,""pw"":14},{""sf"":9,""rw"":163,""pw"":10},{""sf"":9,""rw"":358,""pw"":14},{""sf"":10,""rw"":137,""pw"":10},{""sf"":10,""rw"":192,""pw"":14},{""sf"":11,""rw"":51,""pw"":10},{""sf"":11,""rw"":211,""pw"":14},{""sf"":12,""rw"":1,""pw"":10},{""sf"":12,""rw"":1,""pw"":14}]"
11111,STIOT v 1.01,14,8,00:20:47,LoRa@FIIT,1.0,1,"[{""sf"":7,""rw"":22,""pw"":10},{""sf"":7,""rw"":57,""pw"":14},{""sf"":8,""rw"":83,""pw"":10},{""sf"":8,""rw"":31,""pw"":14},{""sf"":9,""rw"":85,""pw"":10},{""sf"":9,""rw"":194,""pw"":14},{""sf"":10,""rw"":15,""pw"":10},{""sf"":10,""rw"":21,""pw"":14},{""sf"":11,""rw"":99,""pw"":10},{""sf"":11,""rw"":67,""pw"":14},{""sf"":12,""rw"":1,""pw"":10},{""sf"":12,""rw"":1,""pw"":14}]"
